{"cameraMode":{"drawMode":0,"name":"Shaded","section":"Shading Mode"},"sceneLighting":false,"audioPlay":false,"sceneViewState":{"showFog":true,"showMaterialUpdate":false,"showSkybox":true,"showFlares":true,"showImageEffects":true,"showParticleSystems":true},"in2DMode":false,"pivot":{"x":-4.76837158203125e-7,"y":0.9042659997940064,"z":0.011392325162887574},"rotation":{"x":-0.07051913440227509,"y":0.9257173538208008,"z":-0.21567261219024659,"w":-0.302588552236557},"size":4.250054836273193,"orthographic":false}