{"cameraMode":{"drawMode":0,"name":"Shaded","section":"Shading Mode"},"sceneLighting":false,"audioPlay":false,"sceneViewState":{"showFog":true,"showMaterialUpdate":false,"showSkybox":true,"showFlares":true,"showImageEffects":true,"showParticleSystems":true},"in2DMode":false,"pivot":{"x":0.4792172312736511,"y":1.2844613790512086,"z":0.3386034667491913},"rotation":{"x":-0.02922947145998478,"y":0.9061521887779236,"z":-0.0634344294667244,"w":-0.41714510321617129},"size":0.6945329904556274,"orthographic":false}